https://stackoverflow.com/questions/tagged/pandas;company;3;error;7;work;6;code;6;total;22
https://stackoverflow.com/users/signup?ssrc=head&returnurl=https%3a%2f%2fstackoverflow.com%2f;company;3;error;0;work;3;code;0;total;6
https://stackoverflow.com/questions/tagged/git;company;3;error;1;work;11;code;10;total;25
https://stackoverflow.com/company;company;5;error;0;work;15;code;1;total;21
https://stackoverflow.com/users;company;3;error;0;work;5;code;0;total;8
https://stackoverflow.com/users#;company;3;error;0;work;5;code;0;total;8
https://stackoverflow.com/questions/tagged/github;company;3;error;2;work;15;code;5;total;25
https://stackoverflow.com/users/signup?ssrc=site_switcher&returnurl=https%3a%2f%2fstackoverflow.com%2f;company;3;error;0;work;3;code;0;total;6
https://stackoverflowsolutions.com/explore-teams;company;1;error;0;work;9;code;0;total;10
https://stackoverflow.com/company/press;company;6;error;0;work;10;code;1;total;17
https://stackoverflow.com/users/signup?ssrc=head&returnurl=https%3a%2f%2fstackoverflow.com%2fquestions;company;3;error;0;work;3;code;0;total;6
https://stackoverflow.com/questions/tagged/eclipse;company;3;error;3;work;8;code;2;total;16
https://stackoverflow.help;company;0;error;0;work;1;code;0;total;1
https://stackoverflow.com/users?tab=voters;company;3;error;0;work;5;code;0;total;8
https://stackoverflow.com/questions/tagged/jquery;company;3;error;1;work;10;code;8;total;22
https://stackoverflow.com/questions/tagged/javascript;company;3;error;3;work;17;code;4;total;27
https://stackexchange.com/sites;company;2;error;0;work;16;code;6;total;24
https://stackoverflow.com/users/login?ssrc=site_switcher&returnurl=https%3a%2f%2fstackoverflow.com%2ftags;company;2;error;0;work;3;code;0;total;5
https://stackoverflow.com/company/contact;company;2;error;0;work;5;code;0;total;7
https://stackoverflow.com/users?tab=Reputation&filter=year;company;3;error;0;work;5;code;0;total;8
https://stackoverflow.com/users/17242583/richardec;company;3;error;0;work;7;code;2;total;12
https://stackoverflow.com/users/157247/t-j-crowder;company;3;error;0;work;10;code;1;total;14
https://appealie.com/saas-awards-2021/;company;9;error;0;work;14;code;1;total;24
https://stackoverflow.com/users/6309/vonc;company;3;error;0;work;10;code;5;total;18
https://stackoverflow.blog/newsletter;company;2;error;0;work;3;code;5;total;10
https://stackoverflow.com/jobs/companies?so_medium=StackOverflow&so_source=SiteNav;company;17;error;0;work;12;code;0;total;29
https://stackoverflow.com/teams/create/free?utm_source=so-owned&utm_medium=side-bar&utm_campaign=campaign-38&utm_content=cta;company;1;error;0;work;1;code;0;total;2
https://stackoverflow.com/users?tab=Reputation&filter=all;company;3;error;0;work;5;code;0;total;8
https://stackoverflow.com/users/login?ssrc=site_switcher&returnurl=https%3a%2f%2fstackoverflow.com%2fquestions;company;2;error;0;work;3;code;0;total;5
https://stackoverflow.com/questions/tagged/react-hooks;company;3;error;6;work;13;code;4;total;26
https://stackoverflow.com/users?tab=Reputation&filter=quarter;company;3;error;0;work;5;code;0;total;8
https://stackoverflow.com/;company;7;error;0;work;11;code;0;total;18
https://stackoverflow.com/#;company;7;error;0;work;11;code;0;total;18
https://winners.webbyawards.com/2021/websites-and-mobile-sites/general-websites-and-mobile-sites/web-services-applications/169391/stack-overflow;company;0;error;0;work;0;code;0;total;0
https://stackoverflow.com/collectives;company;3;error;0;work;8;code;1;total;12
https://stackoverflow.com/users?tab=newusers;company;3;error;0;work;5;code;0;total;8
https://stackoverflow.com/questions/tagged/.net;company;3;error;0;work;19;code;7;total;29
https://www.cloud-awards.com/2021-software-awards-shortlist/;company;3;error;0;work;18;code;3;total;24
https://stackoverflow.com/jobs?so_source=ProductsMenu&so_medium=StackOverflow;company;3;error;0;work;7;code;0;total;10
https://stackoverflow.com/users?tab=reputation;company;3;error;0;work;5;code;0;total;8
https://stackoverflow.com/users/signup?ssrc=head&returnurl=https%3a%2f%2fstackoverflow.com%2fusers;company;3;error;0;work;3;code;0;total;6
https://stackoverflow.com/users/2901002/jezrael;company;3;error;1;work;8;code;1;total;13
https://stackoverflow.com/company/careers;company;7;error;0;work;19;code;0;total;26
https://stackoverflow.com/users/login?ssrc=site_switcher&returnurl=https%3a%2f%2fstackoverflow.com%2f;company;2;error;0;work;3;code;0;total;5
https://stackoverflow.blog/2020/03/09/a-message-to-our-employees-community-and-customers-on-covid-19/;company;4;error;0;work;16;code;1;total;21
https://chat.stackoverflow.com/?tab=site&host=stackoverflow.com;company;0;error;0;work;2;code;5;total;7
https://stackoverflow.com/users/3732271/akrun;company;3;error;0;work;6;code;0;total;9
https://stackoverflow.com/questions;company;3;error;6;work;12;code;3;total;24
https://stackoverflow.com/questions#;company;3;error;6;work;13;code;3;total;25
https://stackoverflow.com/users/login?ssrc=head&returnurl=https%3a%2f%2fstackoverflow.com%2f;company;2;error;0;work;3;code;0;total;5
https://stackoverflow.com/users/1491895/barmar;company;3;error;2;work;10;code;1;total;16
https://stackoverflow.com/users/15239951/corralien;company;3;error;2;work;7;code;0;total;12
https://stackoverflow.com/tags;company;3;error;0;work;14;code;4;total;21
https://stackoverflow.com/tags#;company;3;error;0;work;14;code;4;total;21
https://stackoverflow.com/questions/tagged/java;company;3;error;2;work;8;code;0;total;13
https://stackoverflow.com/users?tab=editors;company;3;error;0;work;6;code;0;total;9
https://stackoverflow.com/users?tab=Reputation&filter=month;company;3;error;0;work;5;code;0;total;8
https://stackoverflow.com/users/signup?ssrc=site_switcher&returnurl=https%3a%2f%2fstackoverflow.com%2fquestions;company;3;error;0;work;3;code;0;total;6
https://www.bintelligence.com/blog/2020/12/8/38-cloud-computing-companies-win-2020-stratus-awards-for-cloud-computing;company;4;error;0;work;3;code;0;total;7
https://stackoverflow.com/questions/tagged/dataframe;company;3;error;4;work;8;code;3;total;18
https://stackoverflow.com/advertising;company;1;error;0;work;5;code;0;total;6
https://stackoverflow.com/users/login?ssrc=head&returnurl=https%3a%2f%2fstackoverflow.com%2fquestions;company;2;error;0;work;3;code;0;total;5
https://stackoverflow.com/questions/tagged/c%23;company;3;error;0;work;11;code;10;total;24
https://stackoverflow.com/users/login?ssrc=head&returnurl=https%3a%2f%2fstackoverflow.com%2ftags;company;2;error;0;work;3;code;0;total;5
https://stackoverflow.com/questions/tagged/python;company;3;error;6;work;10;code;5;total;24
https://stackoverflow.com/questions/tagged/mysql;company;4;error;5;work;10;code;4;total;23
https://stackoverflow.com/users/8690857/drew-reese;company;3;error;5;work;9;code;1;total;18
https://stackoverflow.com;company;7;error;0;work;11;code;0;total;18
https://stackoverflow.com/questions/tagged/php;company;3;error;3;work;10;code;12;total;28
https://stackoverflow.com/company/research;company;2;error;0;work;4;code;0;total;6
https://stackoverflow.com/help;company;3;error;0;work;7;code;1;total;11
https://stackoverflow.com/teams;company;4;error;0;work;8;code;0;total;12
https://stackoverflow.blog;company;4;error;0;work;4;code;19;total;27
https://stackoverflow.com/questions/tagged/r;company;3;error;0;work;7;code;2;total;12
https://stackoverflow.com/talent;company;3;error;0;work;4;code;0;total;7
https://stackoverflow.com/tour;company;3;error;0;work;17;code;4;total;24
https://stackoverflow.com/users/17521785/enke;company;3;error;0;work;6;code;1;total;10
https://stackoverflow.com/company/leadership;company;2;error;0;work;4;code;0;total;6
https://stackoverflow.com/users/login?ssrc=site_switcher&returnurl=https%3a%2f%2fstackoverflow.com%2fusers;company;2;error;0;work;3;code;0;total;5
https://stackoverflow.com/users/signup?ssrc=site_switcher&returnurl=https%3a%2f%2fstackoverflow.com%2fusers;company;3;error;0;work;3;code;0;total;6
https://stackoverflow.com/questions/tagged/dplyr;company;3;error;1;work;10;code;2;total;16
https://stackoverflow.com/users/signup?ssrc=head&returnurl=https%3a%2f%2fstackoverflow.com%2ftags;company;3;error;0;work;3;code;0;total;6
https://stackoverflow.com/users/6618622/copsonroad;company;3;error;0;work;6;code;0;total;9
https://stackoverflow.com/users/22656/jon-skeet;company;3;error;0;work;8;code;1;total;12
https://stackoverflow.com/users?tab=Reputation&filter=week;company;3;error;0;work;5;code;1;total;9
https://stackoverflow.com/questions/tagged/reactjs;company;3;error;6;work;13;code;3;total;25
https://stackoverflow.blog/podcast;company;3;error;0;work;6;code;6;total;15
https://stackoverflow.com/users/16343464/mozway;company;3;error;0;work;6;code;2;total;11
https://stackoverflow.com/jobs;company;3;error;0;work;7;code;0;total;10
https://stackoverflow.com/jobs?so_medium=StackOverflow&so_source=SiteNav;company;3;error;0;work;7;code;0;total;10
https://stackoverflow.com/users/signup?ssrc=site_switcher&returnurl=https%3a%2f%2fstackoverflow.com%2ftags;company;3;error;0;work;3;code;0;total;6
https://remotetechbreakthrough.com/2021-winners/;company;8;error;0;work;12;code;0;total;20
https://stackoverflow.com/users/login?ssrc=head&returnurl=https%3a%2f%2fstackoverflow.com%2fusers;company;2;error;0;work;3;code;0;total;5
https://stackoverflow.blog/;company;4;error;0;work;4;code;19;total;27
https://stackoverflow.com/company/work-here;company;2;error;0;work;6;code;0;total;8
https://www.g2.com/products/stack-overflow-for-teams/reviews;ConnectionError
https://stackoverflow.com/users?tab=moderators;company;3;error;0;work;5;code;0;total;8
https://stackoverflow.com/users/signup;company;3;error;0;work;3;code;0;total;6
