https://stackoverflow.com/jobs/companies?so_medium=StackOverflow&so_source=SiteNav;company;17;error;0;work;12;code;0;total;29
https://stackoverflow.com/questions/tagged/.net;company;3;error;0;work;19;code;7;total;29
https://stackoverflow.com/questions/tagged/php;company;3;error;3;work;10;code;12;total;28
https://stackoverflow.com/questions/tagged/javascript;company;3;error;3;work;17;code;4;total;27
https://stackoverflow.blog;company;4;error;0;work;4;code;19;total;27
https://stackoverflow.blog/;company;4;error;0;work;4;code;19;total;27
https://stackoverflow.com/questions/tagged/react-hooks;company;3;error;6;work;13;code;4;total;26
https://stackoverflow.com/company/careers;company;7;error;0;work;19;code;0;total;26
https://stackoverflow.com/questions#;company;3;error;6;work;13;code;3;total;25
https://stackoverflow.com/questions/tagged/reactjs;company;3;error;6;work;13;code;3;total;25
